,January,February,March,April,May,June,July,August,September,October,November,December
2020,12.703493118286133,12.4697904586792,15.880382537841797,19.80391502380371,24.72003936767578,27.79549789428711,29.661781311035156,29.466947555541992,26.783485412597656,22.537717819213867,17.11322784423828,13.741714477539062
2021,11.884692192077637,12.55711555480957,16.385948181152344,20.153945922851562,24.37029457092285,27.08987045288086,29.153690338134766,28.89582061767578,26.7685546875,22.778011322021484,17.062076568603516,12.905970573425293
2022,12.489054679870605,13.430347442626953,15.922290802001953,20.390274047851562,24.427446365356445,27.181297302246094,29.36577606201172,29.136947631835938,26.78125,22.38789939880371,17.196739196777344,12.590322494506836
