,January,February,March,April,May,June,July,August,September,October,November,December
2020,11.597710609436035,13.350595474243164,16.90066146850586,21.287378311157227,25.356504440307617,27.987287521362305,29.104263305664062,28.647327423095703,26.046396255493164,21.628904342651367,16.85830307006836,12.05742359161377
2021,11.782135009765625,12.984695434570312,16.94563865661621,21.27415657043457,25.157642364501953,27.662967681884766,29.156814575195312,28.373245239257812,26.084354400634766,21.665260314941406,16.524227142333984,12.630796432495117
2022,12.075210571289062,13.365511894226074,16.767391204833984,21.04621124267578,25.018136978149414,28.057998657226562,29.280467987060547,28.678119659423828,26.27367401123047,21.82396125793457,16.275527954101562,12.654038429260254
