,January,February,March,April,May,June,July,August,September,October,November,December
2020,11.494577407836914,12.944669723510742,16.649812698364258,20.451488494873047,24.56224822998047,26.84432601928711,28.3023738861084,28.057952880859375,26.19197654724121,22.31212615966797,17.165306091308594,12.331774711608887
2021,11.996070861816406,12.837038040161133,16.849828720092773,20.147647857666016,24.40278434753418,27.505538940429688,27.8977108001709,27.417680740356445,26.236236572265625,21.61420249938965,16.541362762451172,12.638154983520508
2022,11.688454627990723,12.751399040222168,16.189361572265625,20.518125534057617,23.429248809814453,26.28342628479004,28.53863525390625,28.37395668029785,26.83008575439453,21.917455673217773,17.729305267333984,13.56147289276123
