,January,February,March,April,May,June,July,August,September,October,November,December
2020,11.98542308807373,12.817521095275879,16.534870147705078,21.05644989013672,24.231887817382812,26.967525482177734,29.30828094482422,29.643596649169922,27.26878547668457,22.97056770324707,17.391611099243164,13.621150970458984
2021,11.69857406616211,13.174081802368164,16.634145736694336,20.718814849853516,24.7376708984375,27.90078353881836,29.929378509521484,29.375202178955078,26.970237731933594,22.7330265045166,17.553321838378906,13.218559265136719
2022,12.063554763793945,13.174787521362305,16.000383377075195,20.68471336364746,24.682769775390625,27.78234100341797,29.129131317138672,29.208141326904297,26.808513641357422,22.497732162475586,17.938331604003906,12.471292495727539
