,January,February,March,April,May,June,July,August,September,October,November,December
2020,11.386667251586914,13.200400352478027,16.064804077148438,20.60505485534668,24.687232971191406,27.660919189453125,28.796119689941406,29.368148803710938,27.850730895996094,22.62057876586914,17.30791664123535,13.785551071166992
2021,11.921748161315918,13.730571746826172,15.887554168701172,20.971677780151367,24.44483184814453,28.20819664001465,28.357267379760742,28.99893569946289,26.603391647338867,22.21091079711914,16.96236801147461,13.535701751708984
2022,11.29332160949707,12.633448600769043,16.06312370300293,19.59636688232422,23.823917388916016,27.28470230102539,28.463605880737305,29.232746124267578,26.8450984954834,22.527326583862305,18.096525192260742,12.625948905944824
